{
  "chunked_videos/1507_2.mp4": 121.017515,
  "chunked_videos/1550_12.mp4": 56.006006,
  "chunked_videos/966.mp4": 5.0,
  "chunked_videos/1631_0.mp4": 4.023991,
  "chunked_videos/1550_4.mp4": 26.009343,
  "chunked_videos/34.mp4": 2.0,
  "chunked_videos/1492_0.mp4": 28.023353,
  "chunked_videos/1454.mp4": 12.0,
  "chunked_videos/1546_11.mp4": 46.012679,
  "chunked_videos/1492_2.mp4": 41.993328,
  "chunked_videos/1550_9.mp4": 45.011678,
  "chunked_videos/1546_9.mp4": 39.005672,
  "chunked_videos/1546_10.mp4": 43.009676,
  "chunked_videos/1546_0.mp4": 7.007007,
  "chunked_videos/8.mp4": 7.001995,
  "chunked_videos/1546_7.mp4": 37.00367,
  "chunked_videos/1546_6.mp4": 23.023023,
  "chunked_videos/530.mp4": 2.011995,
  "chunked_videos/774.mp4": 5.0,
  "chunked_videos/1507_1.mp4": 115.01251,
  "chunked_videos/1313.mp4": 5.0,
  "chunked_videos/1631_1.mp4": 7.001995,
  "chunked_videos/1550_6.mp4": 33.01635,
  "chunked_videos/1560_1.mp4": 22.021995,
  "chunked_videos/766.mp4": 6.0,
  "chunked_videos/1456.mp4": 12.0,
  "chunked_videos/1550_10.mp4": 49.015682,
  "chunked_videos/1550_11.mp4": 52.002002,
  "chunked_videos/1546_4.mp4": 16.016016,
  "chunked_videos/1546_2.mp4": 17.017017,
  "chunked_videos/1550_2.mp4": 27.010344,
  "chunked_videos/1507_3.mp4": 128.982485,
  "chunked_videos/1507_4.mp4": 148.999166,
  "chunked_videos/1631_2.mp4": 16.013991,
  "chunked_videos/1560_0.mp4": 14.001995,
  "chunked_videos/1546_5.mp4": 20.02002,
  "chunked_videos/1546_8.mp4": 36.002669,
  "chunked_videos/1550_5.mp4": 30.013347,
  "chunked_videos/1117.mp4": 1.0,
  "chunked_videos/1550_1.mp4": 23.00634,
  "chunked_videos/1492_3.mp4": 50.0,
  "chunked_videos/532.mp4": 4.023991,
  "chunked_videos/1546_3.mp4": 13.013013,
  "chunked_videos/1128.mp4": 10.006009,
  "chunked_videos/841.mp4": 6.0,
  "chunked_videos/1492_4.mp4": 70.016681,
  "chunked_videos/1546_1.mp4": 10.01001,
  "chunked_videos/1058.mp4": 3.0,
  "chunked_videos/433.mp4": 5.0,
  "chunked_videos/421.mp4": 6.0,
  "chunked_videos/1245.mp4": 4.004004,
  "chunked_videos/1550_0.mp4": 20.003337,
  "chunked_videos/1546_12.mp4": 69.002336,
  "chunked_videos/1492_1.mp4": 34.028357,
  "chunked_videos/1550_7.mp4": 42.008675,
  "chunked_videos/1507_0.mp4": 111.009174,
  "chunked_videos/1054.mp4": 3.0,
  "chunked_videos/1550_3.mp4": 23.00634,
  "chunked_videos/1550_8.mp4": 42.008675
}