{
  "bucket_labels": [
    "0-5s",
    "5-10s",
    "10-30s",
    "30-60s",
    "1-3m",
    "3-10m",
    "10-30m",
    "30m+"
  ],
  "bucket_ranges": [
    [
      0,
      5
    ],
    [
      5,
      10
    ],
    [
      10,
      30
    ],
    [
      30,
      60
    ],
    [
      60,
      180
    ],
    [
      180,
      600
    ],
    [
      600,
      1800
    ],
    [
      1800,
      null
    ]
  ],
  "per_task": {
    "ACR": {
      "unit": "per-sample clip",
      "category": "realtime",
      "stats": {
        "n": 109,
        "min": 4.0,
        "p25": 81.01,
        "median": 136.0,
        "mean": 198.5918348623853,
        "p75": 229.02,
        "p90": 425.94,
        "max": 1143.0,
        "sum": 21646.51,
        "counts": [
          1,
          2,
          4,
          12,
          49,
          36,
          5,
          0
        ]
      },
      "n_samples": 109,
      "n_unique_videos": 40
    },
    "ASI": {
      "unit": "per-sample clip",
      "category": "backward",
      "stats": {
        "n": 148,
        "min": 2.01,
        "p25": 25.03,
        "median": 98.0,
        "mean": 143.1216216216216,
        "p75": 228.03,
        "p90": 356.02,
        "max": 588.02,
        "sum": 21182.0,
        "counts": [
          2,
          6,
          35,
          18,
          34,
          53,
          0,
          0
        ]
      },
      "n_samples": 148,
      "n_unique_videos": 148
    },
    "ATR": {
      "unit": "per-sample clip",
      "category": "realtime",
      "stats": {
        "n": 116,
        "min": 3.0,
        "p25": 111.0,
        "median": 191.02,
        "mean": 302.63982758620693,
        "p75": 386.0,
        "p90": 779.01,
        "max": 1695.0,
        "sum": 35106.22,
        "counts": [
          3,
          2,
          4,
          8,
          37,
          43,
          19,
          0
        ]
      },
      "n_samples": 116,
      "n_unique_videos": 71
    },
    "CRR": {
      "unit": "per-sample clip-sum",
      "category": "forward",
      "stats": {
        "n": 48,
        "min": 224.06,
        "p25": 1918.8100000000002,
        "median": 3160.58,
        "mean": 3762.0452083333334,
        "p75": 6233.07,
        "p90": 7755.83,
        "max": 8687.61,
        "sum": 180578.17,
        "counts": [
          0,
          0,
          0,
          0,
          0,
          1,
          10,
          37
        ]
      },
      "n_samples": 48,
      "n_unique_videos": 10
    },
    "EPM": {
      "unit": "per-sample clip",
      "category": "backward",
      "stats": {
        "n": 297,
        "min": 2.0,
        "p25": 98.0,
        "median": 193.02,
        "mean": 228.12777777777777,
        "p75": 332.02,
        "p90": 439.01,
        "max": 1198.0,
        "sum": 67753.95,
        "counts": [
          1,
          2,
          10,
          18,
          109,
          152,
          5,
          0
        ]
      },
      "n_samples": 297,
      "n_unique_videos": 70
    },
    "FPD": {
      "unit": "per-sample clip",
      "category": "realtime",
      "stats": {
        "n": 101,
        "min": 1.0,
        "p25": 74.01,
        "median": 143.02,
        "mean": 146.52237623762377,
        "p75": 214.02,
        "p90": 266.0,
        "max": 306.03,
        "sum": 14798.76,
        "counts": [
          1,
          0,
          5,
          13,
          44,
          38,
          0,
          0
        ]
      },
      "n_samples": 101,
      "n_unique_videos": 40
    },
    "HLD": {
      "unit": "per-sample clip",
      "category": "backward",
      "stats": {
        "n": 186,
        "min": 5.0,
        "p25": 34.0,
        "median": 261.02,
        "mean": 241.0848924731183,
        "p75": 384.0,
        "p90": 420.02,
        "max": 1136.0,
        "sum": 44841.79,
        "counts": [
          0,
          13,
          32,
          26,
          10,
          97,
          8,
          0
        ]
      },
      "n_samples": 186,
      "n_unique_videos": 103
    },
    "OCR": {
      "unit": "per-sample clip",
      "category": "realtime",
      "stats": {
        "n": 149,
        "min": 12.0,
        "p25": 66.0,
        "median": 153.0,
        "mean": 225.97785234899328,
        "p75": 309.01,
        "p90": 508.01,
        "max": 976.01,
        "sum": 33670.7,
        "counts": [
          0,
          0,
          14,
          17,
          51,
          58,
          9,
          0
        ]
      },
      "n_samples": 149,
      "n_unique_videos": 49
    },
    "OJR": {
      "unit": "per-sample clip",
      "category": "realtime",
      "stats": {
        "n": 184,
        "min": 5.0,
        "p25": 87.99,
        "median": 214.01,
        "mean": 297.9583152173913,
        "p75": 408.0,
        "p90": 716.0,
        "max": 1577.0,
        "sum": 54824.33,
        "counts": [
          0,
          5,
          7,
          13,
          63,
          71,
          25,
          0
        ]
      },
      "n_samples": 184,
      "n_unique_videos": 70
    },
    "REC": {
      "unit": "per-sample clip-sum",
      "category": "forward",
      "stats": {
        "n": 82,
        "min": 27.03,
        "p25": 85.06,
        "median": 133.22,
        "mean": 541.8003658536585,
        "p75": 640.1,
        "p90": 1365.2,
        "max": 6809.450000000001,
        "sum": 44427.63,
        "counts": [
          0,
          0,
          1,
          5,
          39,
          16,
          14,
          7
        ]
      },
      "n_samples": 82,
      "n_unique_videos": 82
    },
    "SSR": {
      "unit": "per-sample clip-sum",
      "category": "forward",
      "stats": {
        "n": 42,
        "min": 376.14,
        "p25": 1050.22,
        "median": 1483.0,
        "mean": 1673.654761904762,
        "p75": 1932.19,
        "p90": 2524.0,
        "max": 7178.280000000001,
        "sum": 70293.5,
        "counts": [
          0,
          0,
          0,
          0,
          0,
          3,
          26,
          13
        ]
      },
      "n_samples": 42,
      "n_unique_videos": 42
    },
    "STU": {
      "unit": "per-sample clip",
      "category": "realtime",
      "stats": {
        "n": 178,
        "min": 5.0,
        "p25": 71.0,
        "median": 172.0,
        "mean": 292.20028089887643,
        "p75": 385.0,
        "p90": 752.0,
        "max": 1480.0,
        "sum": 52011.65,
        "counts": [
          0,
          6,
          10,
          15,
          61,
          63,
          23,
          0
        ]
      },
      "n_samples": 178,
      "n_unique_videos": 58
    }
  },
  "overall": {
    "total_samples": 1640,
    "total_tasks": 12,
    "n_unique_videos": 644,
    "category_totals": {
      "backward": 631,
      "realtime": 837,
      "forward": 172
    },
    "stats": {
      "n": 1640,
      "min": 1.0,
      "p25": 76.0,
      "median": 183.0,
      "mean": 390.9361036585366,
      "p75": 368.01,
      "p90": 779.01,
      "max": 8687.61,
      "sum": 641135.21,
      "counts": [
        8,
        36,
        122,
        145,
        497,
        631,
        144,
        57
      ]
    }
  }
}